{"xloss_ED": 20787.85546875, "pred_x_loss": 26215.66796875, "pred_z_loss": 25.22366714477539, "KLD": 4.997466087341309, "iter": 15000, "_timestamp": 1734590504.3008463, "_runtime": 978.7958753108978, "_step": 15150, "r2_train": 0.8812634358694621, "r2_eval": 0.9306056453349227, "_wandb": {"runtime": 975}}