{"xloss_ED": 25363.66015625, "pred_x_loss": 50102.81640625, "pred_z_loss": 29.903472900390625, "KLD": 1.3200739622116089, "iter": 15000, "_timestamp": 1734860179.2905893, "_runtime": 999.637538433075, "_step": 15300, "eval_pred_x_loss": 0.04417894780635834, "eval_z_loss": 1.3179658651351929, "r2_train": 0.7272168696249864, "r2_eval": 0.6716116584993611, "_wandb": {"runtime": 996}}