{"xloss_ED": 22073.0546875, "pred_x_loss": 83484.4921875, "pred_z_loss": 23.402250289916992, "KLD": 2.9292726516723633, "iter": 9964, "_timestamp": 1734926014.2385182, "_runtime": 875.0405943393707, "_step": 10162, "eval_pred_x_loss": 0.03868934512138367, "eval_z_loss": 0.25731757283210754, "r2_train": 0.7259481438029334, "r2_eval": 0.809254425422401}