{"xloss_ED": 20295.10546875, "pred_x_loss": 27258.8359375, "pred_z_loss": 115.32135009765625, "KLD": 1.5519825220108032, "iter": 15000, "_timestamp": 1734600885.1585858, "_runtime": 904.6272068023682, "_step": 15150, "r2_train": 0.8805699349244466, "r2_eval": 0.9108122242952881, "_wandb": {"runtime": 901}}