{"xloss_ED": 21068.818359375, "pred_x_loss": 26998.958984375, "pred_z_loss": 20.982690811157227, "KLD": 3.9579920768737793, "iter": 15000, "_timestamp": 1734594410.7330616, "_runtime": 900.6777584552765, "_step": 15150, "r2_train": 0.9662555305394329, "r2_eval": 0.9815868787221116, "_wandb": {"runtime": 897}}